{
  "model_name": "profitable_reversal_detector_stage1",
  "version": "3.1-profitable",
  "training_date": "2025-10-15T02:47:46.181852",
  "architecture": {
    "sequence_length": 20,
    "num_features": 12,
    "lstm_units": [
      64,
      32
    ],
    "dense_units": [
      32,
      16
    ],
    "dropout": [
      0.2,
      0.2,
      0.1
    ],
    "l2_reg": 0.0001
  },
  "training_config": {
    "optimizer": "Adam",
    "learning_rate": 0.001,
    "loss": "binary_crossentropy",
    "batch_size": 32,
    "epochs": 100,
    "patience": 15
  },
  "data_stats": {
    "train_samples": 2064,
    "val_samples": 240,
    "train_reversal_pct": 0.5164728682170543,
    "val_reversal_pct": 0.5041666666666667
  },
  "class_weights": {
    "0": 1.034068136272545,
    "1": 0.9681050656660413
  },
  "final_metrics": {
    "val_loss": 0.7475837469100952,
    "val_accuracy": 0.550000011920929,
    "val_precision": 0.539393961429596,
    "val_recall": 0.7355371713638306,
    "val_auc": 0.5586498975753784
  }
}