{
  "accuracy": [
    0.5290806889533997,
    0.5525328516960144,
    0.5769230723381042,
    0.6041275858879089,
    0.6350844502449036,
    0.6472795605659485,
    0.6951219439506531,
    0.7345215678215027,
    0.7317073345184326,
    0.7598499059677124,
    0.7345215678215027,
    0.7889305949211121,
    0.803001880645752,
    0.803001880645752,
    0.8245778679847717,
    0.8227016925811768,
    0.8255159258842468,
    0.8405253291130066,
    0.8611631989479065,
    0.8433395624160767,
    0.8714821934700012
  ],
  "auc": [
    0.5171287655830383,
    0.5944564342498779,
    0.6302860975265503,
    0.6555056571960449,
    0.7002904415130615,
    0.7288424968719482,
    0.7760108709335327,
    0.7891382575035095,
    0.8045682907104492,
    0.8074359893798828,
    0.8159704208374023,
    0.8568717837333679,
    0.8747909665107727,
    0.8794965147972107,
    0.8933896422386169,
    0.9027074575424194,
    0.8998574018478394,
    0.9147082567214966,
    0.9192447662353516,
    0.9228994250297546,
    0.9297474026679993
  ],
  "loss": [
    0.706307590007782,
    0.6873422861099243,
    0.676485538482666,
    0.6671509146690369,
    0.6472775340080261,
    0.6198745965957642,
    0.5889971256256104,
    0.57140052318573,
    0.546178936958313,
    0.5601908564567566,
    0.542274534702301,
    0.49156850576400757,
    0.4618699252605438,
    0.4531795084476471,
    0.43216341733932495,
    0.4117894172668457,
    0.41437846422195435,
    0.3853595554828644,
    0.3759482204914093,
    0.36533963680267334,
    0.3502216935157776
  ],
  "precision": [
    0.5271210074424744,
    0.5480480194091797,
    0.5613079071044922,
    0.5873715281486511,
    0.6172839403152466,
    0.6444833874702454,
    0.7045454382896423,
    0.7733050584793091,
    0.7514792680740356,
    0.7777777910232544,
    0.7621951103210449,
    0.8038461804389954,
    0.8128544688224792,
    0.8152381181716919,
    0.8377862572669983,
    0.8223443031311035,
    0.8293135166168213,
    0.839122474193573,
    0.8502673506736755,
    0.8315602540969849,
    0.8494809865951538
  ],
  "recall": [
    0.7005545496940613,
    0.6746765375137329,
    0.7615526914596558,
    0.7393715381622314,
    0.7393715381622314,
    0.6802217960357666,
    0.6876155138015747,
    0.6746765375137329,
    0.7042514085769653,
    0.737523078918457,
    0.6931608319282532,
    0.7726432681083679,
    0.7948244214057922,
    0.7911275625228882,
    0.8114602565765381,
    0.8299445509910583,
    0.8262476921081543,
    0.8484288454055786,
    0.8817005753517151,
    0.8669131398200989,
    0.9075785875320435
  ],
  "val_accuracy": [
    0.5123966932296753,
    0.5041322112083435,
    0.5041322112083435,
    0.41322314739227295,
    0.4958677589893341,
    0.5454545617103577,
    0.4545454680919647,
    0.6115702390670776,
    0.6033057570457458,
    0.5537189841270447,
    0.5123966932296753,
    0.5289255976676941,
    0.4628099203109741,
    0.4628099203109741,
    0.5041322112083435,
    0.4545454680919647,
    0.5123966932296753,
    0.5289255976676941,
    0.5371900796890259,
    0.5041322112083435,
    0.6033057570457458
  ],
  "val_auc": [
    0.5928961634635925,
    0.534426212310791,
    0.4998633861541748,
    0.46024587750434875,
    0.5193988680839539,
    0.49904370307922363,
    0.46994534134864807,
    0.5877048969268799,
    0.5620218515396118,
    0.5707650184631348,
    0.47759562730789185,
    0.5184426307678223,
    0.5356557369232178,
    0.5848360657691956,
    0.5348360538482666,
    0.5118852257728577,
    0.5378415584564209,
    0.5710382461547852,
    0.5744535326957703,
    0.4965847134590149,
    0.618306040763855
  ],
  "val_loss": [
    0.692057728767395,
    0.7190365195274353,
    0.7614535689353943,
    0.764293909072876,
    0.7506312131881714,
    0.8118240833282471,
    0.9561713933944702,
    0.8029723763465881,
    0.916104793548584,
    0.9466597437858582,
    1.1071668863296509,
    1.165704607963562,
    1.1865407228469849,
    1.1893540620803833,
    1.273665189743042,
    1.5169240236282349,
    1.4494082927703857,
    1.343425989151001,
    1.399157166481018,
    1.711989164352417,
    1.2796525955200195
  ],
  "val_precision": [
    0.53125,
    0.517241358757019,
    0.5185185074806213,
    0.40740740299224854,
    0.5,
    0.5652173757553101,
    0.40740740299224854,
    0.6590909361839294,
    0.644444465637207,
    0.5897436141967773,
    0.529411792755127,
    0.550000011920929,
    0.42307692766189575,
    0.42307692766189575,
    0.5161290168762207,
    0.3913043439388275,
    0.53125,
    0.5454545617103577,
    0.5675675868988037,
    0.5128205418586731,
    0.6226415038108826
  ],
  "val_recall": [
    0.2786885201931,
    0.24590164422988892,
    0.2295081913471222,
    0.3606557250022888,
    0.4590163826942444,
    0.4262295067310333,
    0.1803278625011444,
    0.4754098355770111,
    0.4754098355770111,
    0.37704917788505554,
    0.2950819730758667,
    0.3606557250022888,
    0.1803278625011444,
    0.1803278625011444,
    0.26229506731033325,
    0.14754098653793335,
    0.2786885201931,
    0.39344263076782227,
    0.3442623019218445,
    0.32786884903907776,
    0.5409836173057556
  ],
  "learning_rate": [
    0.0010000000474974513,
    0.0010000000474974513,
    0.0010000000474974513,
    0.0010000000474974513,
    0.0010000000474974513,
    0.0010000000474974513,
    0.0010000000474974513,
    0.0010000000474974513,
    0.0010000000474974513,
    0.0010000000474974513,
    0.0010000000474974513,
    0.0005000000237487257,
    0.0005000000237487257,
    0.0005000000237487257,
    0.0005000000237487257,
    0.0005000000237487257,
    0.0005000000237487257,
    0.0005000000237487257,
    0.0005000000237487257,
    0.0005000000237487257,
    0.0005000000237487257
  ]
}