{
  "accuracy": [
    0.5615310072898865,
    0.5906007885932922,
    0.5920542478561401,
    0.6031976938247681,
    0.6051356792449951,
    0.6109496355056763,
    0.6104651093482971,
    0.6366279125213623,
    0.630329430103302,
    0.6371123790740967,
    0.6511628031730652,
    0.6531007885932922,
    0.6526162624359131,
    0.6535852551460266,
    0.6613371968269348,
    0.6521317958831787,
    0.6729651093482971
  ],
  "auc": [
    0.5772275924682617,
    0.6169373989105225,
    0.6265946626663208,
    0.6369996070861816,
    0.6368595361709595,
    0.653480052947998,
    0.6530138254165649,
    0.6709742546081543,
    0.67383873462677,
    0.6796590089797974,
    0.6964966654777527,
    0.6989734768867493,
    0.7107808589935303,
    0.707524299621582,
    0.7209080457687378,
    0.7098070383071899,
    0.7347805500030518
  ],
  "loss": [
    0.7003649473190308,
    0.687749445438385,
    0.6835573315620422,
    0.6786301732063293,
    0.678963303565979,
    0.670204222202301,
    0.6687649488449097,
    0.6615250706672668,
    0.6588805913925171,
    0.6554199457168579,
    0.6447811722755432,
    0.6429485082626343,
    0.6347905397415161,
    0.6372918486595154,
    0.6260095834732056,
    0.6337572336196899,
    0.6177935004234314
  ],
  "precision": [
    0.5793103575706482,
    0.6047393083572388,
    0.6119999885559082,
    0.6219151020050049,
    0.6169617772102356,
    0.6270531415939331,
    0.6259615421295166,
    0.6479400992393494,
    0.6401479840278625,
    0.6377063393592834,
    0.6567028760910034,
    0.6673040390014648,
    0.6573489904403687,
    0.6647887229919434,
    0.6622458100318909,
    0.6614100337028503,
    0.6778889894485474
  ],
  "recall": [
    0.5515947341918945,
    0.598499059677124,
    0.5741088390350342,
    0.5909943580627441,
    0.6210131049156189,
    0.608817994594574,
    0.610694169998169,
    0.6491557359695435,
    0.6491557359695435,
    0.6885553598403931,
    0.6801125407218933,
    0.6547842621803284,
    0.6838648915290833,
    0.6641650795936584,
    0.702626645565033,
    0.6688555479049683,
    0.698874294757843
  ],
  "val_accuracy": [
    0.4958333373069763,
    0.5041666626930237,
    0.4958333373069763,
    0.5541666746139526,
    0.4958333373069763,
    0.5833333134651184,
    0.49166667461395264,
    0.5208333134651184,
    0.5458333492279053,
    0.5583333373069763,
    0.5375000238418579,
    0.5708333253860474,
    0.5375000238418579,
    0.5249999761581421,
    0.5458333492279053,
    0.512499988079071,
    0.550000011920929
  ],
  "val_auc": [
    0.5491700768470764,
    0.5499340295791626,
    0.5330578088760376,
    0.561601459980011,
    0.5294811725616455,
    0.5503506660461426,
    0.525348961353302,
    0.5392388105392456,
    0.5437877178192139,
    0.5610111951828003,
    0.5494825839996338,
    0.5581984519958496,
    0.5503159761428833,
    0.5270504951477051,
    0.5631988048553467,
    0.501423716545105,
    0.5586498975753784
  ],
  "val_loss": [
    0.7117804884910583,
    0.7044933438301086,
    0.7144646048545837,
    0.7050725817680359,
    0.7124608159065247,
    0.7084046602249146,
    0.7285317778587341,
    0.7282105684280396,
    0.7154085040092468,
    0.7175665497779846,
    0.7284451723098755,
    0.7229793667793274,
    0.7355979084968567,
    0.7483864426612854,
    0.7310762405395508,
    0.768671989440918,
    0.7475837469100952
  ],
  "val_precision": [
    0.5,
    0.508474588394165,
    0.5,
    0.5921052694320679,
    0.5,
    0.6153846383094788,
    0.4961240291595459,
    0.5180723071098328,
    0.5476190447807312,
    0.5609756112098694,
    0.534246563911438,
    0.5562499761581421,
    0.5297619104385376,
    0.5199999809265137,
    0.5361445546150208,
    0.5094339847564697,
    0.539393961429596
  ],
  "val_recall": [
    0.11570248007774353,
    0.4958677589893341,
    0.3305785059928894,
    0.3719008266925812,
    0.5289255976676941,
    0.4628099203109741,
    0.5289255976676941,
    0.71074378490448,
    0.5702479481697083,
    0.5702479481697083,
    0.64462810754776,
    0.7355371713638306,
    0.7355371713638306,
    0.7520661354064941,
    0.7355371713638306,
    0.8925619721412659,
    0.7355371713638306
  ],
  "learning_rate": [
    0.0010000000474974513,
    0.0010000000474974513,
    0.0010000000474974513,
    0.0010000000474974513,
    0.0010000000474974513,
    0.0010000000474974513,
    0.0010000000474974513,
    0.0010000000474974513,
    0.0010000000474974513,
    0.0005000000237487257,
    0.0005000000237487257,
    0.0005000000237487257,
    0.0005000000237487257,
    0.0005000000237487257,
    0.0005000000237487257,
    0.0005000000237487257,
    0.0002500000118743628
  ]
}